SB,SBA,SBC,SBCA
-0.0004285251254064606,-0.00031797596891051905,-0.00044793293486119134,-0.00031750384991087287
0.002752824549593383,0.0028435238282585335,0.002737748573001518,0.002847530205261618
0.031648493432442554,0.03187070908233666,0.03141725139015112,0.03189118782267522
0.005244439822332374,0.00533533551700408,0.005094841575063957,0.005338799660216925
0.006459840869495549,0.006355066576294265,0.006549620168185133,0.006348867321048804
-0.0032602233099386724,-0.003180740185248038,-0.003391098844763465,-0.0031739115238103724
0.009037962513256012,0.00914128715260826,0.008992002378300565,0.009151789475760237
-0.003418468026111757,-0.0034157543172221106,-0.003403567601548669,-0.0034152385262620584
0.004745358142018892,0.00484580993672048,0.004570476958956183,0.004851067171478469
-0.00807227541471807,-0.008086727591982654,-0.008060634553437997,-0.008096036647393176
0.007303053745381587,0.007391839057006807,0.007456356798655368,0.007374814000535543
-0.001925561001163203,-0.001956747955260025,-0.002008201076260133,-0.001963737116227762
-0.0023488985312958,-0.0023984426494671482,-0.002266411296782464,-0.0023975708151439713
-0.0001360681814163931,-0.0001320748327790066,-0.00013965370704915433,-0.00013196319892734836
-0.008336828894898705,-0.00832845192985859,-0.008294933731063952,-0.008341671813128547
-0.0038271311799543692,-0.0038826919167983215,-0.0037092959712089666,-0.003880661358665661
-0.02516614339706087,-0.02517558503152366,-0.02508264941179208,-0.025182363430134577
0.009848355932540225,0.009823771686832697,0.009883030046277655,0.009827245759753701
-0.010244772229673038,-0.010212484160678846,-0.010294711918780303,-0.01021346921521876
0.005659111735203389,0.005642877567250321,0.005649146409942718,0.00564866848889065
0.013561206569440334,0.013636039632750499,0.013459718677917046,0.013642316134346912
0.009527468772804306,0.009467889643328299,0.009518864630376158,0.009478292150342134
0.00834791522441817,0.008388519273052444,0.008264915664208693,0.008388509102280598
0.014940455516691436,0.014953655831079613,0.014856114288425343,0.014944867971052775
0.006969177975668865,0.006999769314682602,0.006912945474681591,0.007002846556900771
-0.005082763828429783,-0.005093882904944392,-0.005033885648669681,-0.005089490683620299
0.0026037646887407334,0.0026355472673001068,0.002589377936358851,0.002638072840537452
0.0005967294017569245,0.0005407793050550746,0.0006454257532216527,0.0005377025489626813
0.005134524067336183,0.0051207768283762405,0.005120772074110304,0.005122302156740389
-0.005356096146277403,-0.0052951138980541265,-0.005402492911388991,-0.005282638846640447
0.0010620720995845152,0.0010864162961262038,0.0010365747347950906,0.0010864563114766884
0.010321206028628706,0.010327999447773881,0.010388898670532706,0.01033038746115343
0.013584568282417267,0.01376156913945838,0.013426865903795339,0.013778301421125518
0.008907758007030944,0.008954332087527933,0.008954393260271086,0.008964583992129927
0.0021010162380277553,0.0021526063387581743,0.0021004068011099214,0.002158311880709355
0.012258024112338867,0.012317174837773837,0.012136814034121883,0.012326759233872034
-0.008380969111600087,-0.008369495478313503,-0.008382342635719069,-0.008366030332916885
-0.019785102452289365,-0.019793220348027468,-0.019829966509071442,-0.019800874522148345
0.01714245919351383,0.0171568634800634,0.01708759713950513,0.017164744451935852
-0.002674681994322484,-0.0027103424414347313,-0.002627097507938632,-0.002714292174296401
0.002012921992565883,0.0020362158348817172,0.0019531583369675884,0.0020387299958455367
-0.0056068574792351115,-0.005638235397136736,-0.005526230605753552,-0.005646766062152096
0.0071878741207391005,0.0071968088153752646,0.007228544533915073,0.007204224768649251
0.012721358477022979,0.012751997711276398,0.012581655433817014,0.01275172431555617
-0.00807878996975478,-0.008118162565712121,-0.008077932315546413,-0.008124622771955576
0.012561984535623688,0.012620567246209845,0.012652055284058118,0.012624276844969596
-0.0025021767780237657,-0.0024615091448286753,-0.002539871370406637,-0.0024537151032127686
0.00227309320562571,0.002347399562810485,0.002185460509938286,0.00235351898916456
0.013721179473206654,0.013661919059739817,0.01362705507772537,0.013667648891720832
-0.002176363845104059,-0.0022077651416213704,-0.0021339692855158188,-0.002211161996511863
0.0055609071363447215,0.00558330725794306,0.005506086082547468,0.005587709587654208
-0.00022309645510506281,-0.00020768408477360418,-0.0002780244586338155,-0.0002099817395970809
-0.0015406395407527292,-0.0015453593535932392,-0.0014795514319206366,-0.0015486041798256224
-0.0019545754865805164,-0.0019951227828004054,-0.0018496558965308092,-0.00200816117095581
-0.003613976240019743,-0.003666230456290827,-0.0035123660833348124,-0.003672374514788267
-0.012187138820599453,-0.01222676031778755,-0.012163078393441589,-0.012228934185657663
0.006487422965556278,0.006500705424688839,0.0065501148979256775,0.006503074503012858
0.0024692177699564694,0.002492400534506147,0.0025041276551781913,0.0024861829714745627
0.01775040980161915,0.017662621052785033,0.017949648961617628,0.017656147896634337
0.004615513300061879,0.004666460063361798,0.004502551368630701,0.004676059505710227
-0.011760873658138537,-0.011805892202145825,-0.011756389293702143,-0.011802293815574722
0.006509358623136643,0.006523970258590626,0.006481609282107965,0.006519413004724322
-0.0013613660512655176,-0.0014030413806731543,-0.0013161269192533426,-0.0014056925478207669
0.0011896833515434905,0.0012344521251762407,0.0011859548736914635,0.001231943473774442
-0.003001107423928743,-0.0030106981839159576,-0.002964943208765671,-0.0030091216226966577
0.0005279238982819208,0.0005525476765249987,0.00047666227130582615,0.0005582400989147327
0.00011842847833425458,0.00011960466421546493,0.00012113093732253858,0.00011964725252152168
0.0006713483479941331,0.0006704841638628774,0.000684861347370836,0.0006717637805828047
-0.0034549071297859013,-0.0034686504528199415,-0.003432761536166146,-0.0034712714554785053
0.009093419768561352,0.009129976361343694,0.009009943156160084,0.009134650305750022
0.005272452772715788,0.005284668886332953,0.00526097639640403,0.005284159119400743
0.0044197368818377205,0.0044073373365897135,0.004407525741759745,0.004408419102092265
0.0026115046757906814,0.002600830655855061,0.002614318446963335,0.0025993192298926367
-0.005746425514619506,-0.005769756890550626,-0.005562045188565174,-0.00577759175963129
0.006185421040791209,0.006185040182814745,0.006181054972171042,0.006184146068635701
-0.012272258234989402,-0.012294728926384,-0.012203976065660123,-0.012295996500980866
0.006478636584702451,0.006540367836197969,0.006403159457603448,0.00654571963898253
-0.0002467067136786566,-0.0001868229364352243,-0.0003965648067338749,-0.00018162609975715352
-0.002269421900610321,-0.002257209450595185,-0.00231774106475979,-0.002251038079448619
0.003926270129796202,0.003940624541880091,0.0039095230522695635,0.003945150264299668
-0.004109827671133824,-0.004043086286615602,-0.004080861164439319,-0.004042201475106021
-0.002073750829354086,-0.002131751752883691,-0.002038418578571025,-0.002133867867084638
0.01268899903970512,0.012708004692139188,0.012624318677427684,0.01269910345040584
-0.0024173090957806866,-0.0023991619174738884,-0.002440853384535632,-0.0023976025477273595
0.019240657009346487,0.019324559497120267,0.01923121025134229,0.019334360573388953
0.006818661013077038,0.006810140984932973,0.006746702316386204,0.006812959931445118
0.007553346997317247,0.00757840925274761,0.007517481331923488,0.007584424420614452
0.005417006072142237,0.0054041484116110275,0.00544510809123292,0.005400210318175862
-0.009636301390534431,-0.009636276141464107,-0.00960548991911649,-0.00963785676728683
-0.010631612151162139,-0.010629374044034554,-0.010623638726043001,-0.010635834297465667
0.009310247984158103,0.009355748919128428,0.00923676839036563,0.009352496942167925
0.008693118032071871,0.008713965885463039,0.008678893991323275,0.008719214204381395
0.01011902264225022,0.010112285064202873,0.01012348834019645,0.010117320666194852
-0.010446239078056498,-0.01044297395859626,-0.010484987583365663,-0.010449204037479568
-0.004992965533961285,-0.005033170142909586,-0.004994294563568934,-0.005036506858323617
-0.0014687235939484374,-0.0014487867009258793,-0.0013865843372658257,-0.0014542503009825503
0.005532278118573927,0.005574491752506686,0.005465779847880017,0.005582905419548942
0.002204394128840897,0.0022068724518257074,0.0022044757065694163,0.0022073075960229145
-0.01171153042897302,-0.011803238492844594,-0.011660088741479068,-0.011796996296713219
0.0035087504536296618,0.003520121656471595,0.0035128278098938244,0.00352119142364328
0.0072725048674740795,0.007271932432413825,0.007249812813532599,0.007275721933700747
0.00011737063832510326,0.00012669281088004546,9.38569297773161e-05,0.00012679219519928306
0.005639550831506882,0.00569494904452967,0.0055530654246189175,0.00570358819715653
0.002355761469952894,0.0023662458256114073,0.002372270179115552,0.002366609100036266
0.00886011169899106,0.00886591022421206,0.00879966832707497,0.008864315236538292
0.004625295012668895,0.004624724977354912,0.004656507960672485,0.004623982994766247
-0.0038464110840550634,-0.0038250412036847374,-0.0038410326740802073,-0.0038313564622444213
-0.003226648664410392,-0.0032222446647995995,-0.0032404918012473977,-0.0032222230921520618
-0.007004834509983201,-0.007007387775242812,-0.007008839534661789,-0.0070123656563434895
-0.007480902813017312,-0.007542878802363546,-0.007491350178498978,-0.00756095188820072
0.0019794717373066875,0.001986736232427003,0.0019767393316741356,0.0019896573861312257
-0.008408926869918105,-0.008397442797033538,-0.00838055449757753,-0.008395985948835004
-0.008696854649527864,-0.008696677609399623,-0.008757809153071158,-0.008702826431931952
-0.003598344194946448,-0.003545830243732249,-0.0036073475539071206,-0.0035431279598591445
-0.017899532793547383,-0.017963950112872672,-0.017812317633516015,-0.017978721871457257
-0.019389584459244397,-0.01942037878062925,-0.019270048330325543,-0.019419072196128855
0.016808776389519938,0.016827222911676504,0.016743387858614053,0.016832135557119165
0.0009187610354081867,0.0009120746746428479,0.0009323437626190862,0.0009112339237095038
-0.002156472986121162,-0.0021556886621048182,-0.0022937694083035353,-0.0021493959373467338
0.015625665871542946,0.01563139511532363,0.015525297991293716,0.01563891509789842
-0.0011759465403126709,-0.0011555465480095485,-0.0012189271742191776,-0.0011603229794865284
-0.00032764984426925824,-0.0003168026050641163,-0.0003305138852155567,-0.0003166408103573847
-0.00043993034761937843,-0.0004046327943196763,-0.0005009387602333471,-0.00040264789477633393
0.012058440317313663,0.01208760794778518,0.01199619640430522,0.012089842876100135
-0.004748451619291721,-0.00475170810022436,-0.004713855478349584,-0.004754484517655099
-0.0005525880561207306,-0.0005536239437392824,-0.0005473739804918178,-0.0005540493623107909
-0.006938036266681929,-0.006947412516971846,-0.006912293439576162,-0.006952398848340973
-0.001210513755610389,-0.0012565324572060335,-0.001131500979664478,-0.0012576642560768589
-0.009236688882987145,-0.009305606607931678,-0.009126859504485552,-0.009307505561440813
0.016758368157497497,0.016835178541465653,0.016589771674864345,0.016842855702408854
0.0066823305204508476,0.006731315576699518,0.006558874184826993,0.006737325984914164
-0.004560208063349505,-0.004600789411753193,-0.004492549578417054,-0.00460805194206651
0.0002686180699535994,0.00016366997177143363,0.00034541510252097057,0.00015526283101267095
-0.00015799988687461027,-0.0001733190108305331,-0.00014009921462216222,-0.00017468627589014232
-0.010026111410604442,-0.010044338376144357,-0.009906425487990185,-0.01005169626887749
-0.014724720862475406,-0.01473495520154064,-0.014684516991953252,-0.014744169266608074
0.010795579069482789,0.010875678457634971,0.010739091421598419,0.010877562817179626
0.01843009630106542,0.018457818080967473,0.01843059076528906,0.018468463125430563
-0.00423387388671667,-0.00424439114948348,-0.004226992708208739,-0.004244862027143603
0.002666969827027037,0.00268544222124044,0.0026530357464637703,0.0026852873873057298
0.001224260139621868,0.001235887093025915,0.0012036766743619995,0.0012366871719208688
-0.0007037815561592275,-0.0007053547816654437,-0.0007002940390282722,-0.0007058310682970278
0.0004477875143807149,0.00043265414410225745,0.0004551823373287751,0.0004316988436796505
0.010055498508021267,0.010082271720318026,0.01005865002560288,0.010083411784258749
-0.0142553033563311,-0.014305078599902146,-0.014192135649089908,-0.014307866220278014
-0.00018529801077143488,-0.00015191132520359551,-0.00022575022614822253,-0.00015169489016673884
0.006953722284724017,0.007001158637705073,0.00698847052524046,0.006997493192202667
-0.0045238224138679905,-0.004546557565352673,-0.004507810320309018,-0.004546809435882442
0.00582839140249873,0.005880167949502464,0.005745191074441501,0.005887158081101563
0.008713234580912395,0.008803589149738382,0.008668031034051095,0.008810791562925335
0.0009637085374213339,0.0009327735020081162,0.00093074158839859,0.0009380640113325611
0.011832412243135259,0.011848211305806404,0.011734189572196196,0.011855648352203225
0.012375464190283533,0.01241345991626895,0.012245499722717011,0.012422116989241906
0.008021523650090814,0.00805294221940518,0.007995670758230667,0.008045383708450387
-0.0026780552087496586,-0.002726883755290003,-0.0026047775255737204,-0.002730646082734408
0.0015848969511476551,0.0015563967360423853,0.001589537234423372,0.0015512283308038268
-0.0023333144650689737,-0.0023712776771208878,-0.002363541546409368,-0.0023815430585523004
-0.016125265961285933,-0.0161147806422876,-0.016135438455375843,-0.016114991422328508
-0.0026450248179398293,-0.002698535595312349,-0.0026042349773148905,-0.002700884640800862
-0.00270544696383687,-0.002623517001116491,-0.0027622896771657035,-0.002629753386451708
0.002962747212583168,0.003017239326056694,0.002919355656638237,0.003020207403978378
0.013635100214293018,0.013664739540814569,0.013647290916169225,0.013674488079626982
-0.0002271320756627006,-0.00022637050308892373,-0.00023575925998590934,-0.00021783838264256044
-0.006864292872692394,-0.006841918907209719,-0.006913100162360656,-0.0068443406744716166
0.003851579046927596,0.0038811335773496097,0.003760135539853353,0.0038843878667114647
0.002089725415083485,0.0020591910876262094,0.0022380812767276593,0.002052736872639782
0.0025521511223897714,0.0025637115417441554,0.002571767195226176,0.002560320160808232
-0.004851037044899484,-0.004865725430925234,-0.004798149123905244,-0.004866984641859461
0.0054234890592732565,0.005436745784637489,0.005430518091190589,0.005440827545081915
-0.003777093483717277,-0.0037716923176327618,-0.003741126517167074,-0.003774340767252977
-0.010267197311352384,-0.010232508529386083,-0.010324864625374646,-0.010229691649760184
0.0025652938010314627,0.0025456149197850327,0.002660792902533966,0.0025393702614470806
-0.007162421342984101,-0.00718474454468219,-0.007212541431362503,-0.007179247275435259
-0.005682011806326456,-0.005679274216060933,-0.005693121591966652,-0.005682842848862588
0.00897206837254788,0.008972381410715945,0.008937147785812224,0.008972977529560024
-0.01231979638348474,-0.012323973639801165,-0.012286945950282858,-0.012327362102504657
-0.00021851521753170187,-0.0002251042485048312,-0.00018118388050338127,-0.00022684051189206017
-0.00566176785773045,-0.005664757229415103,-0.005655802343440686,-0.00566532749855315
-0.003375671478321499,-0.0032866942824382427,-0.0032905751608367606,-0.003289899728029108
-0.027121819649066792,-0.02711225764656218,-0.027014658842861333,-0.027128691677574045
-0.00016225095544943229,-0.0001302430665139383,-0.0001074275197805486,-0.00013486533234590724
0.007516332879326093,0.007515714866708648,0.007360738211428676,0.007522884546374193
0.011620366681477111,0.011631428901169978,0.011478270846597558,0.011639058497636112
-0.002108869114777043,-0.0021368825543445344,-0.002130730479094663,-0.002135701460736137
0.0050454427607544315,0.005028355371010822,0.004874908621352206,0.005038571606863701
-0.012596572909233864,-0.01261168230807333,-0.012540084904687178,-0.012611287730780603
0.000478991441742858,0.0005078351751690367,0.0005273213078063754,0.0005026481522913658
-0.019370600290202333,-0.019327346660493912,-0.019295166555308337,-0.019336127289108013
-0.0032827183248068945,-0.0033216333305376815,-0.0033292519238755937,-0.0033161454401465407
-0.003426506503326063,-0.003516966750159933,-0.0033689316878714225,-0.00351703959329447
0.006701888674388304,0.00678625609057438,0.006560121899090678,0.006791504457380661
0.00390667107315846,0.00387633723078684,0.0038560341391863395,0.003874267943897467
0.0016395335003977927,0.0016546872136119042,0.0016150730947410276,0.001655856476627288
0.0033184954975427282,0.003304128483861711,0.0032934779173914987,0.003303698129180168
-0.000741700340743586,-0.0007454271292366692,-0.0006764540371081824,-0.0007511768881141248
-0.0017583420214782348,-0.0017727179693139868,-0.0017644932519581063,-0.0017698987676298638
-0.004327299357316415,-0.004258330912107322,-0.004283788650242214,-0.004263839632021129
0.013833011256562971,0.013827199897168923,0.013804112937010449,0.013832952963913934
0.013462996827693785,0.0135365575571287,0.013297092129776542,0.013550228061299607
-0.0028361386375883217,-0.0027641215142158665,-0.002864044070591873,-0.0027562658125261847
0.0028646554805288084,0.00286611575183177,0.0028716878899086853,0.0028621983416829916
0.004835742576692751,0.004828320170337387,0.004881489653212557,0.004832283754952736
-0.003424583491967869,-0.0034026482656830254,-0.0034716488116246836,-0.0034043347700028056
0.0036202855165975937,0.0036728566553994235,0.003584639232293336,0.003673136881686603
0.0027849553755358598,0.002788550137237706,0.0027065863697058336,0.0027894548735533167
-0.00037289827461871864,-0.00034653345004330205,-0.0003290164185482581,-0.0003483760106845903
-0.006847881269329302,-0.0068910019588280195,-0.0065633770082277046,-0.006897583371846429
0.012185730240436295,0.012204186283571823,0.012134288212825396,0.012209818009417549
-0.007876704530192537,-0.007829228930475154,-0.007849352682838607,-0.007819906448751267
0.00784530286749959,0.007851150065264474,0.007894396345622013,0.00784790656572764
0.0039032046393327386,0.0039710722898122705,0.0038770049708776845,0.003975356563257254
-0.0031946222427609956,-0.0032324847217517225,-0.003143900606616098,-0.0032364798994740118
-0.0012364790520159625,-0.001343741042125157,-0.0012329892802599644,-0.0013511543481716213
0.0033383882437143576,0.0033086655633255604,0.003319716967049669,0.0033099779882768596
0.006855199569775513,0.006788548220284961,0.0066264053777325225,0.006801401131654517
-0.006354288658918156,-0.006348213699831948,-0.006267895726183501,-0.0063549092480711345
-0.0013604701406109126,-0.0014306469166151773,-0.001383349192465099,-0.0014418860156736495
0.0047385720944689,0.004752146892182223,0.004727386486507722,0.004755039617925946
0.0004927908543884414,0.0004996531900644417,0.0004929705740645124,0.0005006940848860628
-0.0013383043224372226,-0.0013228076764898588,-0.0013714219661462106,-0.0013223499611070384
-0.003810965964180921,-0.003813295742683683,-0.0038249384026738937,-0.003816583079764268
-0.013376710966899288,-0.013361686957747284,-0.013286110460312564,-0.013367350090850869
-0.00018012754263111458,-0.00015397784584365016,-0.00021190131307406287,-0.0001541116473378504
-0.0004962044941837802,-0.0004852060455645934,-0.0004651766454551394,-0.0004890995334689863
0.011025975547949327,0.01106227165711188,0.010984139432982301,0.011060986190150175
0.008703325673060962,0.008745998447296696,0.00862510235859133,0.00874890361530561
-0.0005751690610771883,-0.0005904620101368675,-0.00047885380445208714,-0.0005867990761881611
-0.013448204978635374,-0.013352516180057245,-0.013412594195972946,-0.013351620637224776
-0.009972719809012449,-0.010033447387605874,-0.009864799803003673,-0.010049548185329932
-0.013459689829420382,-0.013432714392821152,-0.013524810805814486,-0.013428444280333785
-0.009407064469051499,-0.00939572064909666,-0.009373225897572134,-0.009402222599373804
0.010721339813380783,0.010762405727991316,0.010553880422989825,0.010777347181863161
0.0037607613550581336,0.0037029736401354655,0.003932186772852711,0.0036968130925258123
0.014795598439901043,0.014759024523207154,0.014897357903699827,0.014761727729645034
0.012680213152976088,0.01275265965950993,0.012624515527392669,0.012759671002737612
-0.002100909739573457,-0.0021124289199615513,-0.0020977066174166473,-0.0021142267655280774
0.0001942518351000098,0.0002273949018556552,0.00013374541903153162,0.00022624636974941882
0.0029504652706552293,0.0028625914047724606,0.0030730964954355385,0.0028543693614791047
0.003830345159093263,0.003741577411106323,0.0039936890767280344,0.0037321151691951334
-0.0005757618285693656,-0.000549993635944664,-0.0006452509450460141,-0.0005502381731623129
0.002941784799400505,0.0029487588482170995,0.0029669032099443283,0.0029493619536981644
0.015421962524739697,0.015478927730473971,0.015376896980074054,0.01548109485275453
-0.011519403083006086,-0.011631333327558726,-0.011401955686803019,-0.011637351999971601
-0.019702415170622253,-0.019773958248266017,-0.019795015852100754,-0.019789232948146204
0.0036162366916533202,0.003679983547146568,0.003559214849957914,0.003685595806864773
0.01180364076396943,0.01185997214054715,0.011845058357569358,0.011865933463351602
0.009874311965678315,0.009857334041497908,0.009939074274476921,0.009860532165308224
0.0053459023528383805,0.00534354170237942,0.005330663124762402,0.005342758308951284
0.0009872406248698686,0.0009795658705420167,0.001006963700537908,0.0009788009408478243
0.002886490313515511,0.0029004781744309802,0.0029095331619830578,0.0028980626577860954
-0.0036344644610032915,-0.0036254781293749163,-0.0036320243716292276,-0.003625623472615549
-0.0025953221579120053,-0.0026586691913674017,-0.0025641965567059317,-0.0026593884807596586
0.009628349066176208,0.009698295553418376,0.009494463177486931,0.009705717295609949
0.02365645504486333,0.023677229128213028,0.023688782025799538,0.023693470386054582
-0.0033841166077733485,-0.003468201949890597,-0.003300012685261509,-0.0034729137340876017
9.53868970693087e-06,5.480519988346735e-05,5.709883539942011e-05,6.072251157295227e-05
-0.001379823705819087,-0.0013670821058437155,-0.0013872366722223006,-0.001365304676743484
0.003966986209862396,0.0039696267166386785,0.003968203489581442,0.003966874946558224
0.0005842780446847933,0.0006071537038618112,0.0005562791464998919,0.0006073871205030051
-0.006949562192895141,-0.007000744336889401,-0.006804179153435755,-0.007008861531289143
0.008435622312544067,0.008494090390796603,0.008578723162353006,0.00850194266125917
-0.0024990593073074196,-0.0025474406099716454,-0.0023657406178637648,-0.0025526045924657813
-0.02316888664670711,-0.023339394015962977,-0.023066938944890363,-0.023347699959226222
-0.009369294130098788,-0.009458813533236507,-0.009359837953679154,-0.009459340282198216
-0.01962958656481476,-0.01961198179625069,-0.019569032817169613,-0.019618649750745804
-0.004570980344263908,-0.004603039230526426,-0.004586337508225046,-0.0046096235219627284
-0.0019114514807614781,-0.0019063868672158672,-0.0019473575377354675,-0.0019051426918473852
-0.0009640311570619352,-0.0009621001519001937,-0.000935785435814557,-0.0009639288678613098
-0.0055833531851102935,-0.005581058708757538,-0.0056565516111198085,-0.005573972433244198
-0.003731640203672228,-0.0037338876808390557,-0.003704270442386476,-0.0037370609660495107
0.0022805191005664176,0.002309832305729493,0.002397974363625962,0.0022907661569843162
0.0060100994304496495,0.006049591180019217,0.005952918537717411,0.006054908197136315
0.008614654635569579,0.008666945014924312,0.008422920019726205,0.00867874882615086
-0.008298260073725638,-0.008342589912100478,-0.00823788932253494,-0.008336767567943848
-0.0027287047267956044,-0.002760225358815165,-0.0026403379020164893,-0.002762366396761592
-0.002309054630773726,-0.0022626207673639705,-0.0024868522076845214,-0.0022528768844290014
-0.0032419418830583655,-0.0032521862338732222,-0.003170310942774562,-0.0032580782338933936
0.002954798922996633,0.00294280966037746,0.002944036026822334,0.0029425563461259875
-0.002966702318023126,-0.0029159595125375177,-0.003093986777000263,-0.002909513370227438
-0.0034545167634397462,-0.003466775018763043,-0.0034452630541219205,-0.0034614634742879714
-0.010686725688722712,-0.010681228448164756,-0.010655464193062077,-0.010684485358668049
-0.005846475025239501,-0.0058879298469843135,-0.005824301522404869,-0.005889525719299173
0.004397373179734962,0.004406131065671527,0.004349666868527481,0.004406660953464734
-0.00039250288426647556,-0.000389244238839533,-0.0003069309532178916,-0.00039319672056280474
-0.008950911854083416,-0.009106699291867866,-0.008706171139735638,-0.009120683891785351
-0.007453712517404977,-0.007517111568601342,-0.007387041569112057,-0.007519928754238844
-0.0035768286823169293,-0.0035746719984930896,-0.0035838784702591432,-0.0035754959795766374
-0.005027406163840811,-0.005018330567441219,-0.005004541660593496,-0.005017815990154298
-0.005182279509463882,-0.005128161189315445,-0.005183660381404684,-0.005125278022444998
0.012022060841943131,0.012039690390404544,0.012126286785386757,0.012032569267772342
-0.008718450926267355,-0.00876988875145007,-0.008686152705116655,-0.008772534112215225
-0.0199335478347084,-0.020045235377890432,-0.019807851028896442,-0.02005400149129955
0.007950184953447218,0.008054554480489742,0.00788713751978876,0.008057904049807227
0.00402458314118617,0.003970240657651259,0.004001370373373147,0.003963804188219663
0.015760843434398496,0.015613036477336032,0.01595828808806576,0.015624998755798238
-0.017104544677989917,-0.017138460190972003,-0.017154811876797963,-0.017131240249780896
0.003598582649381176,0.0036007209047437872,0.0034654008551056052,0.003623580097018275
0.008144218778267792,0.008221736115222315,0.007993641961500495,0.008229678978761796
-0.00956210485224975,-0.009572886750999708,-0.009578571607553725,-0.009565541445736183
0.0019322525661776312,0.001905888085675107,0.0019960715968030222,0.001907105992649531
0.0018540590137643255,0.0018385459236312678,0.001916989666327211,0.0018355467135664403
0.010318835489504458,0.010336381753913007,0.010389023127960575,0.010335367278190148
0.0065268329549881,0.0066179071572982215,0.00640521967293414,0.00662860567084352
0.01050326252667825,0.010485125470851175,0.010521662564874072,0.010489094881690813
0.007754584949289006,0.007803488917289945,0.007664449565854378,0.007799598062105215
0.0006976703195585117,0.0006531431162528972,0.00078651436335523,0.0006483647241003406
0.004068147426444747,0.004081225846170047,0.00402281280915721,0.0040806896701975695
-0.010084598278566618,-0.010157732605311201,-0.010056788527300865,-0.010157790794338761
0.0024219052774089116,0.002431317990383148,0.002423137008943923,0.0024299993332297758
0.003935595336681428,0.0039128666743161655,0.00395469294626956,0.003912301554058542
-0.0016965468894374444,-0.0017296686397727395,-0.0016532146801654635,-0.0017332424697551506
0.009111194945406652,0.009143936207969543,0.009105267823021101,0.009140106547952494
-0.00424791801936094,-0.004293235966141802,-0.004238363660826503,-0.0042908262357616005
-0.005894287748352924,-0.005922844625126961,-0.0058682232449445235,-0.005925485371822407
0.0010175661070623934,0.0010159024605218194,0.000994507551014498,0.0010151789230642254
0.002610427960669512,0.0025883069830127062,0.0026317357887206704,0.002579489792179585
-0.012786340483867875,-0.012814038579108433,-0.012780026766960283,-0.012817418678430146
-0.0031518696139740342,-0.003208407389685978,-0.0030109014812522124,-0.003214519738304261
0.004506197862983751,0.004500262965276878,0.004528212530260261,0.004493467428329046
0.012563603204224939,0.01259145807562469,0.012430322234993864,0.012590491400991236
-0.0020485238046402694,-0.002042856641454195,-0.0020455444919799067,-0.0020417157730523786
-0.0010651313602276836,-0.0010632530265220564,-0.0010445068640595552,-0.0010623410537967761
0.008839367413087822,0.008832325092710723,0.00887568189476914,0.00883080408162742
-9.208641656852609e-05,-0.00010378785173574354,-7.466568821850129e-05,-0.00010419335965986839
0.017333714026293457,0.01736553388492584,0.017053959497694483,0.01738397896242417
0.01082180080334629,0.010868654322036425,0.010826501230429194,0.010866833483550237
0.012761919866444921,0.012749491683578543,0.012749584523460934,0.012754516656720354
-0.0027732151377987424,-0.0028174382363150394,-0.002684821910569961,-0.0028272735910073246
-0.03245492450882757,-0.03249993856791042,-0.03241245339145754,-0.03252083046720991
0.00010875800474198283,7.972894964092669e-05,8.684608675744997e-05,8.309198906242481e-05
-0.02093379535624088,-0.020942835401975134,-0.020838552736184554,-0.020948430533152436
0.0056735453898126235,0.005652093499862985,0.005630034136145351,0.0056551229777763385
0.004643235100163916,0.004628240583990836,0.004595741834858449,0.0046287474922075455
-0.027732345579874085,-0.02774784531335348,-0.02763744463067008,-0.027744888954337545
0.005303297261917872,0.005399630929906388,0.005186503234740181,0.005403818132811779
0.0019647224039864753,0.0019951146997810986,0.0018804851202231542,0.001998747749852061
0.03437985925559193,0.034375851300982405,0.03433777881938866,0.03438008574728767
-0.02111744786139393,-0.021156910321943573,-0.020977481932315495,-0.021166146707173525
0.00011656250781199627,0.00010999263590769603,0.00013400554489438312,0.00010982227719736835
-0.012965551846733205,-0.012951737181525258,-0.01292961681151985,-0.012966224030497209
-0.0050274371755300125,-0.005028313672737855,-0.005024383862558332,-0.0050293617343227
-0.007919775986860968,-0.007985009208753772,-0.007885886594701805,-0.007985191740285174
0.006877114075305415,0.006908057574085352,0.006900116931939447,0.006899128017448489
0.009513167172915261,0.009460350356679779,0.009468383078568154,0.009461243201123484
0.0010061197935810691,0.0009976973285863553,0.0010922021170137407,0.000997872990087073
0.014139653590839144,0.014187237659029624,0.014071200663848538,0.014199100147647492
-0.024923109472758328,-0.02479282407695357,-0.02518988184418645,-0.024791202036836584
-0.0051918463631007656,-0.0051333655822309865,-0.005263564128427698,-0.005130250956037425
-0.005408215660209129,-0.005422916246416655,-0.005389187431671103,-0.005436911502033992
0.022803570122820336,0.02273241855929663,0.022772108573222816,0.02273973334793282
0.002557288491249318,0.002508318497290326,0.0027150627358651447,0.0025028961727430192
0.007233890639620598,0.007243102363188508,0.007179140566625676,0.007248794200810621
0.010896803444643714,0.010950934318371127,0.010840798267235828,0.010953334375398912
0.014507109942221522,0.014545348132494012,0.01448448764691986,0.014554645771983375
-0.006422353735993648,-0.006369576690844671,-0.006506594033631233,-0.006369976930129704
-0.0030614555208182295,-0.0030598183913471606,-0.0030453781042335333,-0.003060154467182139
-0.0008467081281994853,-0.0008823878583907916,-0.0007759033440721651,-0.0008776542066792258
-0.004263989010702201,-0.004304181650677414,-0.004191197955826784,-0.004307660772307156
-0.0006620902681450258,-0.0006111851533217054,-0.0007759455320083275,-0.0005971004189166256
0.006145441538068102,0.006149993443658361,0.006168107540923831,0.006152731130564188
-0.002285885816856173,-0.0023542621715055665,-0.0023520453449941904,-0.0023557931776365146
-0.02437724062421593,-0.024416984659447406,-0.024318231494592224,-0.024422451688839716
-0.017518161585590282,-0.017668183648193687,-0.01734590497858313,-0.01767724519844549
-0.0225300445795804,-0.022521105934497996,-0.022563666289589675,-0.022542736290344825
-0.02200626887310181,-0.02189975429378956,-0.022006732614463335,-0.021882380863282955
0.010174311687676891,0.010230229350230177,0.010121243015902894,0.010230890376759859
-0.02365195563993719,-0.023648874273034914,-0.023589930616587287,-0.023661107551319494
0.00047374879352276656,0.0004791239969402871,0.000554130178716814,0.00047142840635986495
0.020081518569894197,0.020111176864102322,0.020140033753298543,0.020105990658159958
-0.005224927339475532,-0.005133797918343961,-0.00508147123260046,-0.005148720757227988
-0.0034304689626291495,-0.0034282604226332767,-0.003443275199441935,-0.0034449389628074074
0.020894876620497722,0.020948895025869645,0.02077585669238744,0.02095340194700878
0.009307602519063027,0.009301306119827109,0.009439781130729822,0.009313507559273251
-0.006271324106065535,-0.006262406351709148,-0.006292749851508367,-0.006259828153612177
0.0007806192406086321,0.0007744998211903733,0.0008529884403205036,0.0007701097875400958
-0.010916775825993645,-0.010933594449355858,-0.010817048635881484,-0.010942183998181688
0.006567588944062945,0.006540773000034814,0.006714361803337197,0.006537693136480088
-0.012488838908963195,-0.01247458562833914,-0.012518607264436642,-0.012477432051824148
-0.002914892271119943,-0.0029061673522393383,-0.0028431488628431387,-0.0029114935159229726
0.01361484137971162,0.013617346222259337,0.013609244065895795,0.013631339029534395
-0.0020602722347329793,-0.0020696030584556563,-0.0020316916339296076,-0.0020731805483822146
-0.01000619531513659,-0.010026937736013406,-0.009991831507851831,-0.01003227089108359
-0.0029139218315868813,-0.0029078413558843354,-0.002914426073864214,-0.002906481924287572
-0.0043758620086110835,-0.004361383464262184,-0.004380076702894002,-0.004363422841597501
-0.01651354321212334,-0.01656715866028065,-0.01644465132386121,-0.01657492639399803
0.020170304931807083,0.0202404636520441,0.020036753250830135,0.020249636695785
-0.0037629187498227734,-0.0037516358520416713,-0.003887560296916923,-0.0037378708678460697
0.030652156791744663,0.030681622114687956,0.030441523916180272,0.030691413796850336
-0.003161353574847649,-0.003075230790339119,-0.0032391448084734846,-0.003067421160043263
0.004751825507708288,0.00479528890127511,0.004734453768934256,0.004799842453045607
-0.007394660725231918,-0.007409777233281748,-0.007290022544153913,-0.007412298154644571
0.0023914587476465956,0.002372711212297105,0.0024665934056159787,0.0023711406977363425
0.0029968427547344702,0.0029144602946141913,0.0031381506717122233,0.0029123978455971493
0.010513790789968787,0.010554472147260992,0.010468959536964854,0.010561922672398347
0.009083151575650254,0.009085302626051802,0.009173225189252758,0.009088883830744313
0.0009511922093843996,0.0009888665269471133,0.0009084476870238459,0.0009927739924573446
0.009032688722166034,0.009052605517241307,0.009198159955345484,0.00905731966180901
-0.0215828400422639,-0.02161313015267335,-0.02169998225970843,-0.02162319987419296
0.016502979244145285,0.016466374856687796,0.016281473911425367,0.016458317871866274
-0.003415711624818744,-0.0034049078232030105,-0.0034106521111847083,-0.003403553612384788
0.004647971206096465,0.00465931596493883,0.0046291688229315635,0.00466317462233886
-0.0040190218893020125,-0.004000449464314037,-0.00405171696758715,-0.003997157470988698
0.0042266382493819235,0.004244690868409982,0.00420864478956956,0.0042448969432422575
0.015193910066344464,0.015245942103507203,0.015043191941948253,0.01524659899606086
0.008853984682218928,0.008956242125417386,0.008953818029018226,0.008969946331469752
0.003420917920059497,0.003413031121659775,0.00344316057979351,0.003412904790567366
0.021825469302117647,0.0219031067012401,0.0218052225423234,0.021889490996795897
0.0045066649373596765,0.0044992454495828985,0.0045479689553975244,0.00449920375172507
-0.005246134520767698,-0.005253817753132141,-0.005241973107870132,-0.005255108310729135
0.0005015796601520107,0.0004901059711876149,0.0005355909292032016,0.0004936039489664325
-0.005482885137976852,-0.005512141377339323,-0.005434502607014344,-0.005517274646552329
-0.017426786889070282,-0.017432832623909524,-0.017401949301098854,-0.017434716884410492
-0.004002622883860664,-0.0040138693506984995,-0.0039578560235680035,-0.004012894171119731
0.00452468542585876,0.004525856927186094,0.004506546609555363,0.004529606943607756
0.0045134294252234825,0.004520608454305854,0.004479366096013284,0.00452231619630104
-0.018386392792568512,-0.018391885750670165,-0.018347458179719292,-0.018388487451741434
-0.006126880875598755,-0.0061098567454411805,-0.006134189729794216,-0.006112686290190509
-0.008679982879415243,-0.008673287403307653,-0.008856466084268957,-0.008677182344238955
-0.0016233424687970726,-0.0015901758228077868,-0.0017504943440035446,-0.0015945379609573723
0.004554829056399335,0.004548170176346548,0.004520095517622483,0.004539939136158795
-0.011574582583969185,-0.011564389177680573,-0.011613279301137012,-0.011560888101000226
-0.005564684567624257,-0.005577176890136815,-0.005484699302630712,-0.005578918537779981
0.013434219131398346,0.013442197372045592,0.013452066323838755,0.013437125721933322
0.007196045166355825,0.007219271030255588,0.007097854087112282,0.007222815284823553
0.01357329721966116,0.013574763931415719,0.013445631919110126,0.013582473962283353
0.012825155342321294,0.012921089085411097,0.012714270110066992,0.012913436029813595
-0.03662428257928304,-0.036672511902348784,-0.03659041141238383,-0.03667067514335874
0.0012407883568738443,0.001229657178821087,0.0012724684632591146,0.0012283968554935372
-0.0003275824255152707,-0.00028318829640764303,-0.00034707710337915436,-0.0002826657141217735
-0.0069537703981214635,-0.006932874737222003,-0.007030757831140347,-0.0069344153919281126
0.00407143163240932,0.00407666097782236,0.004084556726619219,0.004075470625463638
-0.01491129122776549,-0.014961071716943958,-0.014896852739866137,-0.014965188910945955
-0.016868120489778825,-0.01686435038713176,-0.016830660951049348,-0.01686742349599029
-0.0076625673593316256,-0.007663390630114928,-0.007521802125889459,-0.007670849054593444
-0.024651135142061582,-0.024650424291958583,-0.024471917042218457,-0.024661100561544833
-0.013846509174360875,-0.013828607209047567,-0.013790719624251845,-0.013831478406874494
-0.008157383406562864,-0.0080533939722589,-0.00812746572439353,-0.008051369964227947
0.015782423130466666,0.015800034743972582,0.015636676798631385,0.01580017028114327
-0.004046554061902628,-0.004019920242905879,-0.0039687296165300465,-0.004015044305125517
-0.0024655571834410125,-0.002432756927489333,-0.0025430412699562854,-0.0024309737226331663
0.010414232751281227,0.01037915993528205,0.010394927222626135,0.010387952356639241
0.037184067746321846,0.037270898212406624,0.0369104931431148,0.03728001015679581
-0.008809686236996713,-0.00881613137322741,-0.008819804787547568,-0.008819264278037316
-0.008324604642414081,-0.008312460649233924,-0.008449096824473064,-0.00831073514574455
-0.011027134516744166,-0.011035845154895226,-0.011007094015223491,-0.011034325175614793
0.0012320675346453695,0.0012386457151423447,0.0012306497961315141,0.0012390557218547194
0.000993595267519097,0.0009387219717606754,0.0010384891694920054,0.0009324690585289358
0.0030007464848119587,0.0029625294423300083,0.003066308775202168,0.0029615168521284407
0.022098647549946736,0.0221793215288376,0.02204103853725705,0.0221852368529506
-0.017721857733072954,-0.01774980518701546,-0.017794105021403942,-0.01775666993259436
0.013180222552812652,0.013195881245934099,0.013143434161230514,0.01320044054930615
0.014715740781397727,0.014725561363970727,0.014672008756576756,0.014728718417383671
-0.006360031055568021,-0.006353833726414657,-0.006361610106240457,-0.006350825186853522
-0.00899705598364392,-0.008944095363045246,-0.009100307703956268,-0.008945156436432407
0.03436245732689465,0.034451721636007925,0.03427751286491234,0.0344646485976835
0.01575432217749474,0.01571783775563725,0.015844181873443018,0.015711458834779556
0.015539915065839394,0.01548450433708745,0.015581351307127907,0.015484327084133961
0.011354739842942458,0.011378906247464893,0.011354418000756763,0.011377956494233255
0.018779845400510344,0.01859846064083916,0.01876788593141938,0.018618499004661542
0.04807523638181101,0.04822143300372805,0.04799598363653716,0.048200837778729175
-0.007731185221200835,-0.007641574189977545,-0.007721984720495184,-0.007638155271154192
0.00716902079281756,0.007212011094283345,0.007120447331057562,0.007214279637595753
-0.011848314772469663,-0.011811703429072194,-0.011840785090407459,-0.011808419770642136
0.00974116931202287,0.009740277664978278,0.00969238006699664,0.009740527187144177
0.02079746427518336,0.020862767560714115,0.02073536902552177,0.020872471967811067
0.008482088143767436,0.008502704173580022,0.008450073741271186,0.00850181948373951
0.005115473597751724,0.005131928650968535,0.005114524987970471,0.005131322944516229
-0.004633806467278523,-0.0046046147498336265,-0.004684548745357714,-0.004603346402401677
0.0208926272518548,0.020869572329274097,0.02087079083875766,0.020871714353195823
0.011165779961973127,0.01118131147951981,0.011143259041297279,0.01119259566652665
-0.0011005967418726826,-0.0010700384859104618,-0.0012048712058098797,-0.0010728067523186262
-0.0016257004687915287,-0.0016385447107497679,-0.0016572502273259147,-0.0016404313291395604
-0.0031272152123439536,-0.003129501200318513,-0.003134259422603109,-0.003131636165523001
0.0009683169265538129,0.0009846484196904986,0.0009909994934421658,0.000980904211621824
0.0013984274529726714,0.0013872390853681934,0.0014360761309308808,0.0013854558999117303
0.006415455767911137,0.00640224561538968,0.006470991488193579,0.0063972723826661105
0.011477154070143498,0.011516283309051125,0.01148414326447047,0.011520016327455905
0.0032263662839416866,0.0032248725641799117,0.003220089002521304,0.0032247043399467783
0.004372176842802827,0.00437899836955561,0.004318511181645242,0.0043778282533348725
-0.012480006794468559,-0.012527254868506463,-0.012439742003702918,-0.012532927222760584
0.004654441330792394,0.004683271558866065,0.004548569779161269,0.004686076768808268
0.011881000249550583,0.011857378994952787,0.011970815383619396,0.011849418872016102
0.00021877763303343963,0.00021042859481083484,0.00022084750032549762,0.0002089708758374102
0.003780457970467522,0.003764549735654603,0.0038417040877431682,0.0037584802315947896
-0.010207619582491532,-0.010187416521887944,-0.010275719249596395,-0.010184865556651697
-0.01652451261080491,-0.01651910388671516,-0.016270936654449463,-0.01653455105855866
-0.002141931354220298,-0.002151728118205006,-0.0021132826294844097,-0.0021535700671878265
0.007350248558471401,0.007421834048075059,0.007451045219269971,0.00741790822267225
-0.010038085205373167,-0.010056700311493012,-0.010135152717889031,-0.01005391226705242
0.013960522958043942,0.013965487438813763,0.01396507178243379,0.013969474760038493
0.007036111995121571,0.007045841634283307,0.006940713490785318,0.007050850099872843
-0.007727729451400386,-0.007723647646995542,-0.0076314208933314365,-0.007728492457613687
-0.02016951317690192,-0.020179946901505652,-0.020097329991725373,-0.020182249416290442
-0.0011618706695591037,-0.0011612234512951936,-0.0012141121374563207,-0.001160766683439973
-0.0023300501136453637,-0.0023424261464365785,-0.002312924117802816,-0.0023434119440797637
-0.0020275699716247033,-0.001996658057949051,-0.0020067272939158624,-0.0019887615986011052
0.016457927983841512,0.016478635836338015,0.016449855248068336,0.016484215213498115
-0.007570411810832094,-0.007602111691153459,-0.007520385766185259,-0.007608803610237835
0.0009132491290740977,0.0009245405306987688,0.0008979600280372969,0.0009277996369133119
0.003173772900701867,0.003135188496374812,0.0032100382482262275,0.0031341291963009918
-0.007687876907871914,-0.007680110762692039,-0.0077557061239784,-0.007680382185717518
0.005442637715864032,0.005443387783754759,0.005435546987985901,0.005441914772745842
-0.002046311135507959,-0.0020330159897608193,-0.0020824911880400615,-0.0020327139105755566
